Password,DisplayName,Email
johnsoneddie,kdunn,seansmith@example.com
imalone,xroberson,tiffany50@example.com
sheltonjon,tylerjordan,ryan70@example.com
sancheztonya,patrickwhitaker,awilliams@example.net
johnmelton,natasha81,juanatkinson@example.com
becky93,gedwards,brianknight@example.com
tami13,vincentwoods,christinajackson@example.net
fthomas,mitchellcorey,mallory86@example.net
msnyder,westfred,fbell@example.com
justinmoore,traciefreeman,fclark@example.org
qmaxwell,flong,ichaney@example.org
schambers,mcdanielphilip,lesliesantiago@example.net
danielavery,nmorales,rdeleon@example.net
slowe,martinkyle,keith88@example.org
ellisthomas,rscott,fkent@example.org
georgeanderson,johnsimmons,douglaswest@example.com
tbrown,ysmith,lopezluke@example.org
grantnathan,iford,barnesjoanne@example.net
gabriellehenry,raymondnicholson,alexandria72@example.com
xflowers,castrokaren,josephgarrett@example.com
oconnorlindsay,amanda41,qadams@example.net
larrycunningham,monroerobert,gregorymiller@example.com
robinmathis,candice01,michaelrichardson@example.org
mmendoza,shane88,bbrown@example.net
rhondalewis,candacerosales,uwood@example.org
fanderson,butlerjohn,kristihall@example.net
christopherterry,simonapril,jasonzuniga@example.com
xwarren,dhiggins,davidrichardson@example.com
koliver,danielgarrett,joshua67@example.net
jali,lbrown,jessica88@example.net
camerongriffin,susanzhang,toddkrause@example.com
kentdavis,coopererica,matthewmitchell@example.org
logan38,cphillips,scott60@example.net
juanmoore,caitlyndickson,qtapia@example.net
qjohnston,jasonlee,davissamuel@example.org
rgilbert,dhall,hosborne@example.net
latashaharrison,randall95,zacharywarren@example.net
michaeledwards,davidallen,rrose@example.com
barry38,aguilarjacob,philip76@example.net
tparker,bakerjohn,wfisher@example.org
stewartsteven,antonio33,montgomeryalexander@example.net
robinsondaniel,dbailey,jenningscassandra@example.org
aolson,ryanramirez,xsmith@example.com
donaldberry,millertimothy,vjackson@example.org
edwardcarr,antoniogallegos,kempkylie@example.org
scotthendrix,tdavis,tthomas@example.com
scott75,alexanderwright,xjones@example.net
ewilliams,sharon30,garciadavid@example.org
yking,jessicacarpenter,thomas28@example.net
brian21,ybrown,mjenkins@example.com
judithlowery,lawrence16,john08@example.org
wellsdebbie,cruzalexis,cynthiawebb@example.org
robert01,qharris,dowens@example.net
zschmidt,silvamatthew,jlynch@example.net
josephjohnson,nreeves,egomez@example.net
qfoster,nlee,kennethmeyer@example.com
vgilmore,justin01,bradshawjared@example.net
ppatterson,joseph94,chelseataylor@example.org
davidbrown,clinedana,sheltonsally@example.org
bryan16,jonathan77,brendacaldwell@example.com
stephanie53,zimmermanrobert,michelle81@example.com
coxdaniel,camposkarla,timothywhite@example.com
contrerassamuel,dawsonandrew,lmcdonald@example.com
fjones,annamorales,dawn91@example.net
eric60,jessewilkinson,joseph34@example.net
marypatel,jason31,lcurry@example.com
aruiz,dawn92,vmoss@example.org
kwilliams,hubbardshawn,robert17@example.com
ngreen,acohen,yjones@example.com
stephanie62,osandoval,william53@example.org
ksherman,elizabethbarry,cooperjoshua@example.net
andrew91,pamelacamacho,zsoto@example.net
ellispatricia,gwilliams,benjaminbrown@example.net
vrodriguez,suzannenguyen,richard83@example.com
brian67,anita63,tracy96@example.org
jayriley,brent95,hgray@example.org
jacob21,ricardo40,heathergilmore@example.com
robertschristopher,lhardin,pfisher@example.net
adam31,tinavelasquez,warrenparker@example.com
danielleweber,kimberly53,bnelson@example.org
taylor31,michaeldouglas,pbowen@example.net
nicholasnguyen,sloanerica,eadams@example.com
juliewilliams,douglasjones,iyoung@example.org
jeremiah77,nrodriguez,ujackson@example.com
kyle80,nicolejohnson,johnneal@example.com
cynthiabrewer,deanna89,johnsonkimberly@example.net
mccartywesley,amysantiago,darrellwilkinson@example.net
benjamin34,jasontownsend,cory60@example.net
rspencer,cgutierrez,phillipsjames@example.net
zreid,beverlysantos,fpittman@example.org
lobrien,david99,jessicasanders@example.org
iskinner,weekssamantha,yorkmarcus@example.com
laurensmith,hgray,tinagoodman@example.org
amywhite,sally24,nclark@example.net
nmarsh,adamscharles,agarcia@example.com
marcusking,ujohnson,marshallrachel@example.net
ealvarado,jessewyatt,clairebrown@example.com
duncandavid,anthony54,tlee@example.com
carrillochristina,thomasedwards,coxyvette@example.net
goodwindonna,brownheather,fjacobs@example.org
